contract_name,local_path,loc
0cdc64278f3169e4b4be494f50a9067f_cgt.sol,reentrant\0cdc64278f3169e4b4be494f50a9067f_cgt.sol,72
0ddd1c046d2a572672c87f87e287a176_cgt.sol,reentrant\0ddd1c046d2a572672c87f87e287a176_cgt.sol,323
0x05f49e3e0a27efa05d60c19cd8f0ecc951d3717e_rs.sol,reentrant\0x05f49e3e0a27efa05d60c19cd8f0ecc951d3717e_rs.sol,240
0x0a3ed956f14d3c725f2a04117e2f25b12dd3dec3.sol,reentrant\0x0a3ed956f14d3c725f2a04117e2f25b12dd3dec3.sol,1703
0x0ad3227eb47597b566ec138b3afd78cfea752de5.sol,reentrant\0x0ad3227eb47597b566ec138b3afd78cfea752de5.sol,1702
0x0ad8f9bb50f4a04de224acf3345892147757f173.sol,reentrant\0x0ad8f9bb50f4a04de224acf3345892147757f173.sol,410
0x0addedfee0e8a65c9a60067b9fe0f24af96da51d_hg.sol,reentrant\0x0addedfee0e8a65c9a60067b9fe0f24af96da51d_hg.sol,468
0x0da76de0916ef2da3c58a97e4d09d501c56a9f15_rs.sol,reentrant\0x0da76de0916ef2da3c58a97e4d09d501c56a9f15_rs.sol,68
0x0eb68f34efa0086e4136bca51fc4d0696580643e_rs.sol,reentrant\0x0eb68f34efa0086e4136bca51fc4d0696580643e_rs.sol,42
0x13a399fe6c5b38b247e1477016f5fc7c3f6b3ccb_hg.sol,reentrant\0x13a399fe6c5b38b247e1477016f5fc7c3f6b3ccb_hg.sol,119
0x1ae8eac5045cd436e5f8ca78fee20323f4050c95.sol,reentrant\0x1ae8eac5045cd436e5f8ca78fee20323f4050c95.sol,74
0x2a98d8fc14b31b346ff6c56dc2a252c434f628f2_rs.sol,reentrant\0x2a98d8fc14b31b346ff6c56dc2a252c434f628f2_rs.sol,14
0x2e320fe846581f2ddc73ca391cbbe01d9968d5fb_hg.sol,reentrant\0x2e320fe846581f2ddc73ca391cbbe01d9968d5fb_hg.sol,120
0x3023868433f6086cd8ce0c4083fe2e11b37ce0b7_rs.sol,reentrant\0x3023868433f6086cd8ce0c4083fe2e11b37ce0b7_rs.sol,38
0x33813c2f2aab62ac88c234858a1f08448424828f_rs.sol,reentrant\0x33813c2f2aab62ac88c234858a1f08448424828f_rs.sol,497
0x4af4fd8b1fe29658ce10f10b48f5e72091d04fec.sol,reentrant\0x4af4fd8b1fe29658ce10f10b48f5e72091d04fec.sol,210
0x4e73b32ed6c35f570686b89848e5f39f20ecc106_rs.sol,reentrant\0x4e73b32ed6c35f570686b89848e5f39f20ecc106_rs.sol,72
0x561eac93c92360949ab1f1403323e6db345cbf31_rs.sol,reentrant\0x561eac93c92360949ab1f1403323e6db345cbf31_rs.sol,72
0x5890f3bb950d0f8a2f7caa7bb5119d8b69495665_hg.sol,reentrant\0x5890f3bb950d0f8a2f7caa7bb5119d8b69495665_hg.sol,155
0x76a6b003c39c1eb38b96aaaa1f551e4c6ad3de5c_hg.sol,reentrant\0x76a6b003c39c1eb38b96aaaa1f551e4c6ad3de5c_hg.sol,108
0x79ad73567e7f9a5b4a2d28264f78aff9d971cf14_rs.sol,reentrant\0x79ad73567e7f9a5b4a2d28264f78aff9d971cf14_rs.sol,85
0x7a8721a9d64c74da899424c1b52acbf58ddc9782_rs.sol,reentrant\0x7a8721a9d64c74da899424c1b52acbf58ddc9782_rs.sol,64
0x7cb24a53b623c0bd5e70a73377ad78330bbe17ea_hg.sol,reentrant\0x7cb24a53b623c0bd5e70a73377ad78330bbe17ea_hg.sol,180
0x85179ac15aa94e3ca32dd1cc04664e9bb0062115_rs.sol,reentrant\0x85179ac15aa94e3ca32dd1cc04664e9bb0062115_rs.sol,80
0x8c7777c45481dba411450c228cb692ac3d550344_rs.sol,reentrant\0x8c7777c45481dba411450c228cb692ac3d550344_rs.sol,57
0x8ce837d6e4da96a25c3b2cc4c27a5e6813dd95f2_hg.sol,reentrant\0x8ce837d6e4da96a25c3b2cc4c27a5e6813dd95f2_hg.sol,178
0x8db0ee1483fbe9db734d8a5e885dc55adfee21a5_rs.sol,reentrant\0x8db0ee1483fbe9db734d8a5e885dc55adfee21a5_rs.sol,69
0x9240c2d6e42db74a5a0553b83d21298304eecb9a_hg.sol,reentrant\0x9240c2d6e42db74a5a0553b83d21298304eecb9a_hg.sol,363
0x939aa1eca62ddd3f782a61c1b346b53687252ef6_hg.sol,reentrant\0x939aa1eca62ddd3f782a61c1b346b53687252ef6_hg.sol,192
0x93c32845fae42c83a70e5f06214c8433665c2ab5_rs.sol,reentrant\0x93c32845fae42c83a70e5f06214c8433665c2ab5_rs.sol,68
0x93dc6a333a99c0ede1cd346ccf079ea8451013db_hg.sol,reentrant\0x93dc6a333a99c0ede1cd346ccf079ea8451013db_hg.sol,455
0x941d225236464a25eb18076df7da6a91d0f95e9e_rs.sol,reentrant\0x941d225236464a25eb18076df7da6a91d0f95e9e_rs.sol,59
0x9902211b5d4bd822594e6f052637bf36515ac9a7_rs.sol,reentrant\0x9902211b5d4bd822594e6f052637bf36515ac9a7_rs.sol,86
0x992447bbd9d9e1d98deaa7d6237b3ebd0ced728e_hg.sol,reentrant\0x992447bbd9d9e1d98deaa7d6237b3ebd0ced728e_hg.sol,188
0x9a156f934c3542ef6a4443ce9a91d2d768fc01c1_rs.sol,reentrant\0x9a156f934c3542ef6a4443ce9a91d2d768fc01c1_rs.sol,758
0x9bdf81e6066d32764b7e75a1b5577237e06d9364_hg.sol,reentrant\0x9bdf81e6066d32764b7e75a1b5577237e06d9364_hg.sol,752
0xa5d6accc5695327f65cbf38da29198df53efdcf0_rs.sol,reentrant\0xa5d6accc5695327f65cbf38da29198df53efdcf0_rs.sol,57
0xaa4f28fe9d4819fc9e6033e93b0cb0362d132841_rs.sol,reentrant\0xaa4f28fe9d4819fc9e6033e93b0cb0362d132841_rs.sol,69
0xaae1f51cf3339f18b6d3f3bdc75a5facd744b0b8_rs.sol,reentrant\0xaae1f51cf3339f18b6d3f3bdc75a5facd744b0b8_rs.sol,72
0xb636d0c2021569dcdc9607a7ba4bc7f05095fa55_hg.sol,reentrant\0xb636d0c2021569dcdc9607a7ba4bc7f05095fa55_hg.sol,92
0xb7c5c5aa4d42967efe906e1b66cb8df9cebf04f7_rs.sol,reentrant\0xb7c5c5aa4d42967efe906e1b66cb8df9cebf04f7_rs.sol,16
0xb93430ce38ac4a6bb47fb1fc085ea669353fd89e_rs.sol,reentrant\0xb93430ce38ac4a6bb47fb1fc085ea669353fd89e_rs.sol,54
0xbaf51e761510c1a11bf48dd87c0307ac8a8c8a4f_rs.sol,reentrant\0xbaf51e761510c1a11bf48dd87c0307ac8a8c8a4f_rs.sol,57
0xBE7D77A4be50EAF8E34Df74944bf06AB9D08773D_hg.sol,reentrant\0xBE7D77A4be50EAF8E34Df74944bf06AB9D08773D_hg.sol,209
0xbe970a5e3d4430587e5973a4a4fa02edcbf3aeb9_hg.sol,reentrant\0xbe970a5e3d4430587e5973a4a4fa02edcbf3aeb9_hg.sol,31
0xc213dc998b6c0d9c51f9cc72240596e1dd684ec7_rs.sol,reentrant\0xc213dc998b6c0d9c51f9cc72240596e1dd684ec7_rs.sol,23
0xd116d1349c1382b0b302086a4e4219ae4f8634ff_rs.sol,reentrant\0xd116d1349c1382b0b302086a4e4219ae4f8634ff_rs.sol,54
0xd48f71c0efbe44819fac1606ee8309a9808511de_hg.sol,reentrant\0xd48f71c0efbe44819fac1606ee8309a9808511de_hg.sol,95
0xda4C9Ee8373Fd1095379a3Dd457A0c78968aAF03_hg.sol,reentrant\0xda4C9Ee8373Fd1095379a3Dd457A0c78968aAF03_hg.sol,459
0xdcaa27ebf3ae8452d2528b4a9526b65ebb10b2dc_hg.sol,reentrant\0xdcaa27ebf3ae8452d2528b4a9526b65ebb10b2dc_hg.sol,169
0xdd17afae8a3dd1936d1113998900447ab9aa9bc0_rs.sol,reentrant\0xdd17afae8a3dd1936d1113998900447ab9aa9bc0_rs.sol,80
0xe0b0831d52d970298fe4a9dd4fe3f22bcd130fae_rs.sol,reentrant\0xe0b0831d52d970298fe4a9dd4fe3f22bcd130fae_rs.sol,68
0xE56AD7dAaC1C4D809C42a047113177E7B43502A7_hg.sol,reentrant\0xE56AD7dAaC1C4D809C42a047113177E7B43502A7_hg.sol,56
0xe610af01f92f19679327715b426c35849c47c657_rs.sol,reentrant\0xe610af01f92f19679327715b426c35849c47c657_rs.sol,61
0xeaf28dc83537cd526f703ee7157a55beac9e073f_hg.sol,reentrant\0xeaf28dc83537cd526f703ee7157a55beac9e073f_hg.sol,226
0xf6dbe88ba55f1793ff0773c9b1275300f830914f_rs.sol,reentrant\0xf6dbe88ba55f1793ff0773c9b1275300f830914f_rs.sol,277
244dae4d20ed64a10f8c412410b0c541_cgt.sol,reentrant\244dae4d20ed64a10f8c412410b0c541_cgt.sol,128
27bc70fee1ba95b4278050baa580c02d_cgt.sol,reentrant\27bc70fee1ba95b4278050baa580c02d_cgt.sol,21
2ef5c829e796b8cd723a49c55dccb39f_cgt.sol,reentrant\2ef5c829e796b8cd723a49c55dccb39f_cgt.sol,341
39154ab86b53b8e3a39c30b84b130256_cgt.sol,reentrant\39154ab86b53b8e3a39c30b84b130256_cgt.sol,402
393ff63c0199ed7185b34d4738e664b8_cgt.sol,reentrant\393ff63c0199ed7185b34d4738e664b8_cgt.sol,864
3ab6356a5eb2c3c14897fc21ed6ebbcb_cgt.sol,reentrant\3ab6356a5eb2c3c14897fc21ed6ebbcb_cgt.sol,541
3de769c437cc414f28f0e02f78594a35_cgt.sol,reentrant\3de769c437cc414f28f0e02f78594a35_cgt.sol,459
4060560a9da63d25233ef2d24076e983_cgt.sol,reentrant\4060560a9da63d25233ef2d24076e983_cgt.sol,368
40edf8345391a754091af7ba7b28678f_cgt.sol,reentrant\40edf8345391a754091af7ba7b28678f_cgt.sol,1052
424c69bd0b1d3c4d153c99eddce01b27_cgt.sol,reentrant\424c69bd0b1d3c4d153c99eddce01b27_cgt.sol,25
54341e505565ff1c74622dbdd0765582_cgt.sol,reentrant\54341e505565ff1c74622dbdd0765582_cgt.sol,148
570b1a96f27b35bde1e620a40fba0095_cgt.sol,reentrant\570b1a96f27b35bde1e620a40fba0095_cgt.sol,615
5779579f9ba8cd1df1d151db09b2ace5_cgt.sol,reentrant\5779579f9ba8cd1df1d151db09b2ace5_cgt.sol,24
5999c905982f6359350d2e4032618cdc_cgt.sol,reentrant\5999c905982f6359350d2e4032618cdc_cgt.sol,587
59f084f924733e006acde4cee4656330_cgt.sol,reentrant\59f084f924733e006acde4cee4656330_cgt.sol,795
5f3a59643ab181bc0e7a14b0ac1988d3_cgt.sol,reentrant\5f3a59643ab181bc0e7a14b0ac1988d3_cgt.sol,310
6663c325676a319e17e7376e58fb4157_cgt.sol,reentrant\6663c325676a319e17e7376e58fb4157_cgt.sol,307
66735e26f9d16cbced1aae9240223866_cgt.sol,reentrant\66735e26f9d16cbced1aae9240223866_cgt.sol,54
6c95c2086e5a58f7a5fbede278fd7aff_cgt.sol,reentrant\6c95c2086e5a58f7a5fbede278fd7aff_cgt.sol,80
6e6653bd9f7cff001d9299f5223dc4fe_cgt.sol,reentrant\6e6653bd9f7cff001d9299f5223dc4fe_cgt.sol,439
7071554947ea73a4bf62a37c06a8cea4_cgt.sol,reentrant\7071554947ea73a4bf62a37c06a8cea4_cgt.sol,329
735483d61ed5b9d9aa9e31ef8567c988_cgt.sol,reentrant\735483d61ed5b9d9aa9e31ef8567c988_cgt.sol,471
7c5b0f00a1967841b0776554d987d20c_cgt.sol,reentrant\7c5b0f00a1967841b0776554d987d20c_cgt.sol,56
7d6b9a034771315b63328b230f104990_cgt.sol,reentrant\7d6b9a034771315b63328b230f104990_cgt.sol,715
7f91af178547eb7e7335d5f6c42f6af1_cgt.sol,reentrant\7f91af178547eb7e7335d5f6c42f6af1_cgt.sol,665
828105a81b9c451dad83348131c07d5d_cgt.sol,reentrant\828105a81b9c451dad83348131c07d5d_cgt.sol,50
82a95267f482b47b5df9f2afc4fa1130_cgt.sol,reentrant\82a95267f482b47b5df9f2afc4fa1130_cgt.sol,382
88a5cd04ef8e060e0386e0106122b790_cgt.sol,reentrant\88a5cd04ef8e060e0386e0106122b790_cgt.sol,67
89769572e52e5ae1fd945edd1ff81461_cgt.sol,reentrant\89769572e52e5ae1fd945edd1ff81461_cgt.sol,838
8ba454dc7fca853973ab5b2f2c7220e3_cgt.sol,reentrant\8ba454dc7fca853973ab5b2f2c7220e3_cgt.sol,431
900eb56c1dc83e67fa00d073eb180fea_cgt.sol,reentrant\900eb56c1dc83e67fa00d073eb180fea_cgt.sol,505
91736024b2dde0f5c842eb191a05ffaa_cgt.sol,reentrant\91736024b2dde0f5c842eb191a05ffaa_cgt.sol,423
92824bc00e630f9cfe39b28b9fd9f442_cgt.sol,reentrant\92824bc00e630f9cfe39b28b9fd9f442_cgt.sol,1250
95c4f52086e477c0f2334931a267301d_cgt.sol,reentrant\95c4f52086e477c0f2334931a267301d_cgt.sol,389
98cfc03fad0393f425923faf55d2155a_cgt.sol,reentrant\98cfc03fad0393f425923faf55d2155a_cgt.sol,18
9c37399dda2acd29509968dabe802aba_cgt.sol,reentrant\9c37399dda2acd29509968dabe802aba_cgt.sol,268
9e03e9536734eb9fb39623f5c5a2956e_cgt.sol,reentrant\9e03e9536734eb9fb39623f5c5a2956e_cgt.sol,132
a2dff7010491759e2c1f399deb139cd4_cgt.sol,reentrant\a2dff7010491759e2c1f399deb139cd4_cgt.sol,344
a3f97f3aaea62737f61587af1aad2b48_cgt.sol,reentrant\a3f97f3aaea62737f61587af1aad2b48_cgt.sol,19
ac09cdde645a2a499ee33d7f0808b73d_cgt.sol,reentrant\ac09cdde645a2a499ee33d7f0808b73d_cgt.sol,111
b260e0b0ad7cbe377e6f3db1280f014d_cgt.sol,reentrant\b260e0b0ad7cbe377e6f3db1280f014d_cgt.sol,59
b9ae0ce221e3a700bdb751262a4e5aab_cgt.sol,reentrant\b9ae0ce221e3a700bdb751262a4e5aab_cgt.sol,285
becbee11db1aaa1611f720a99dfa8ad9_cgt.sol,reentrant\becbee11db1aaa1611f720a99dfa8ad9_cgt.sol,67
c155eecdc6d42d9427b489da45d75627_cgt.sol,reentrant\c155eecdc6d42d9427b489da45d75627_cgt.sol,433
c27fc45d979a95d3f4033b6f68da9bb6_cgt.sol,reentrant\c27fc45d979a95d3f4033b6f68da9bb6_cgt.sol,31
c373e8c9c600c430ebbc72e0aba07cbf_cgt.sol,reentrant\c373e8c9c600c430ebbc72e0aba07cbf_cgt.sol,33
c3ac8617381f6dd433b387790b3c296f_cgt.sol,reentrant\c3ac8617381f6dd433b387790b3c296f_cgt.sol,369
c57b05b71072e5fca179a077a3a8c2c2_cgt.sol,reentrant\c57b05b71072e5fca179a077a3a8c2c2_cgt.sol,1252
cbe4e1a3be73b3d3cb151202c48ea35b_cgt.sol,reentrant\cbe4e1a3be73b3d3cb151202c48ea35b_cgt.sol,25
cd5d4b64f56290e306066f132b76be86_cgt.sol,reentrant\cd5d4b64f56290e306066f132b76be86_cgt.sol,509
ce2c268994894ce68931a375392d738e_cgt.sol,reentrant\ce2c268994894ce68931a375392d738e_cgt.sol,21
cf3d4a62e98f5dec4d263d3274d3268a_cgt.sol,reentrant\cf3d4a62e98f5dec4d263d3274d3268a_cgt.sol,367
cfd0c3461a7ba813b8ca80c6571d969a_cgt.sol,reentrant\cfd0c3461a7ba813b8ca80c6571d969a_cgt.sol,141
d27a1643f2b2c549ebd0f63d9d4eb101_cgt.sol,reentrant\d27a1643f2b2c549ebd0f63d9d4eb101_cgt.sol,63
d7394b6244995de43d9542b937675520_cgt.sol,reentrant\d7394b6244995de43d9542b937675520_cgt.sol,443
d8c55cf489dc15c17fcb741619f212a7_cgt.sol,reentrant\d8c55cf489dc15c17fcb741619f212a7_cgt.sol,502
d8fde2db7a33dfd514317f4d1be94f63_cgt.sol,reentrant\d8fde2db7a33dfd514317f4d1be94f63_cgt.sol,534
db51cfe3fb4a3646a38c5b5f6e018685_cgt.sol,reentrant\db51cfe3fb4a3646a38c5b5f6e018685_cgt.sol,41
dde77fad873fc09aca4825971a6bf4ab_cgt.sol,reentrant\dde77fad873fc09aca4825971a6bf4ab_cgt.sol,314
dfb5e171d127be05bb85ece327756da5_cgt.sol,reentrant\dfb5e171d127be05bb85ece327756da5_cgt.sol,334
ef9a3b92a5629baddf4c912b91bbe929_cgt.sol,reentrant\ef9a3b92a5629baddf4c912b91bbe929_cgt.sol,67
f26ed098ddfa730dd9cebaaaab1bceac_cgt.sol,reentrant\f26ed098ddfa730dd9cebaaaab1bceac_cgt.sol,24
f73768e16680cd9fffd24f529e8a6083_cgt.sol,reentrant\f73768e16680cd9fffd24f529e8a6083_cgt.sol,342
fc2b88d194347a48a9f16fd4adebace9_cgt.sol,reentrant\fc2b88d194347a48a9f16fd4adebace9_cgt.sol,714
01dd4a2eacf1f751bcf9070bca20c3a2_cgt.sol,safe\01dd4a2eacf1f751bcf9070bca20c3a2_cgt.sol,153
04045504816e9b4137a6838c8a53dde4_cgt.sol,safe\04045504816e9b4137a6838c8a53dde4_cgt.sol,28
083e60356eeecf6edf0e82b79f66a4ba_cgt.sol,safe\083e60356eeecf6edf0e82b79f66a4ba_cgt.sol,155
0a7dcd7ad58d91e0373b21e4e4522cdf_cgt.sol,safe\0a7dcd7ad58d91e0373b21e4e4522cdf_cgt.sol,15
0bf0ebe31b1e67618bc28a9d3738a2e4.sol,safe\0bf0ebe31b1e67618bc28a9d3738a2e4.sol,19
0x00cc0e1c488e188922aac9f1703a6f1961c5854b.sol,safe\0x00cc0e1c488e188922aac9f1703a6f1961c5854b.sol,241
0x0341e485828f5ac22e277b9f2766710ebb9c97e2.sol,safe\0x0341e485828f5ac22e277b9f2766710ebb9c97e2.sol,81
0x04a4b767812599a7ebb7a3c56aba633bd181e6f1.sol,safe\0x04a4b767812599a7ebb7a3c56aba633bd181e6f1.sol,69
0x04f29c5df166f49f6fd300ea7cb4b80ad5d74433.sol,safe\0x04f29c5df166f49f6fd300ea7cb4b80ad5d74433.sol,81
0x072bb16dd6f058efef57acb6d0dc4cbc36adae22.sol,safe\0x072bb16dd6f058efef57acb6d0dc4cbc36adae22.sol,113
0x07af6ce1d3c5de4b34b903eeb7759cd112e5686a.sol,safe\0x07af6ce1d3c5de4b34b903eeb7759cd112e5686a.sol,113
0x0925a418565cd0748d126df1901e437a2e04f004.sol,safe\0x0925a418565cd0748d126df1901e437a2e04f004.sol,94
0x0a09d10ba45b542fd642346f1175755a874b7cb0.sol,safe\0x0a09d10ba45b542fd642346f1175755a874b7cb0.sol,116
0x0a0e6981e6d704263d2743c398466667bdde1419.sol,safe\0x0a0e6981e6d704263d2743c398466667bdde1419.sol,112
0x0a161af689f29b1416128d51524a9ed7bfa0a0a4.sol,safe\0x0a161af689f29b1416128d51524a9ed7bfa0a0a4.sol,112
0x0a195629483ffaacd1190699f3b0df61e81f683e.sol,safe\0x0a195629483ffaacd1190699f3b0df61e81f683e.sol,119
0x0a272bb530eb5f61a446703ed949347ced2206fd.sol,safe\0x0a272bb530eb5f61a446703ed949347ced2206fd.sol,201
0x0a29d5f702d905fec8a62709ff127322a9ba8877.sol,safe\0x0a29d5f702d905fec8a62709ff127322a9ba8877.sol,234
0x0a2dcbda9a78f0b02192478b1a5758e4b6dff5b4.sol,safe\0x0a2dcbda9a78f0b02192478b1a5758e4b6dff5b4.sol,116
0x0a388e7b24bd88c2946aca0050556a20740fb44f.sol,safe\0x0a388e7b24bd88c2946aca0050556a20740fb44f.sol,116
0x0a44ba5352f12ddc32efcb4d5967c88ddc82982e.sol,safe\0x0a44ba5352f12ddc32efcb4d5967c88ddc82982e.sol,119
0x0a7a3bc9b477a3240ab6d37a7a6cffe4c28cf57a.sol,safe\0x0a7a3bc9b477a3240ab6d37a7a6cffe4c28cf57a.sol,113
0x0aa6c4ff04e4e6512c5348f4b04685af2cd11058.sol,safe\0x0aa6c4ff04e4e6512c5348f4b04685af2cd11058.sol,631
0x0ab09a24f79961a5da0bd81a9d7e37aeb2cbafa4.sol,safe\0x0ab09a24f79961a5da0bd81a9d7e37aeb2cbafa4.sol,947
0x0abdf90c2b9e605346d4064654a5d9fb67be1189.sol,safe\0x0abdf90c2b9e605346d4064654a5d9fb67be1189.sol,85
0x0acccc67bd5952833863cd6de47489e9705e0e7b.sol,safe\0x0acccc67bd5952833863cd6de47489e9705e0e7b.sol,91
0x0aee8607b65cad983a17105d28aba82ac550b6ec.sol,safe\0x0aee8607b65cad983a17105d28aba82ac550b6ec.sol,100
0x0b3e515cb8b318120c5a126679eb945f2bb2ddea.sol,safe\0x0b3e515cb8b318120c5a126679eb945f2bb2ddea.sol,804
0x0b42db3c70e907a5a74f526ea30e0014d8841712.sol,safe\0x0b42db3c70e907a5a74f526ea30e0014d8841712.sol,183
0x0b5da756938e334c97ce20715e32a4a8fea12ba9.sol,safe\0x0b5da756938e334c97ce20715e32a4a8fea12ba9.sol,1704
0x0b6c301aa8751759b4d1e56ec459ee7b103737af.sol,safe\0x0b6c301aa8751759b4d1e56ec459ee7b103737af.sol,112
0x0b6f7a270ce1d6532e8fcab62e56fd6eeb3008fb.sol,safe\0x0b6f7a270ce1d6532e8fcab62e56fd6eeb3008fb.sol,105
0x0b7d947978290fe4fb7e3cd0ec590c56b065299c.sol,safe\0x0b7d947978290fe4fb7e3cd0ec590c56b065299c.sol,211
0x0b9a61648331d3bf850182626db85281b8043126.sol,safe\0x0b9a61648331d3bf850182626db85281b8043126.sol,105
0x0b9d89a71bdabd231d4d497b7b7b879740d739c4.sol,safe\0x0b9d89a71bdabd231d4d497b7b7b879740d739c4.sol,100
0x0c163d16c4c6e53f42d38c99bd2966a5b59efaa8.sol,safe\0x0c163d16c4c6e53f42d38c99bd2966a5b59efaa8.sol,116
0x0d3b80fe9999e40ab4b3f1fcf6a90e8b946bc5fa.sol,safe\0x0d3b80fe9999e40ab4b3f1fcf6a90e8b946bc5fa.sol,100
0x0da2c2f5bb8cef300e894f47532af79811f0e18a.sol,safe\0x0da2c2f5bb8cef300e894f47532af79811f0e18a.sol,113
0x0f6eeb1e5f74c406d12894489fcebeb042ad14f5.sol,safe\0x0f6eeb1e5f74c406d12894489fcebeb042ad14f5.sol,126
0x0f87a097b73444da66f67cdbd1126038b320fc3a.sol,safe\0x0f87a097b73444da66f67cdbd1126038b320fc3a.sol,147
0x106c1a7d4c5f3844f9ac92b2de7a1b5c94de4811.sol,safe\0x106c1a7d4c5f3844f9ac92b2de7a1b5c94de4811.sol,19
0x12d7d45a4b9693b312ede375074a48b9b9f2b6ec.sol,safe\0x12d7d45a4b9693b312ede375074a48b9b9f2b6ec.sol,244
0x1340c66aeea285b22f397bf51ab6af2f7a1f0f0d.sol,safe\0x1340c66aeea285b22f397bf51ab6af2f7a1f0f0d.sol,35
0x1495304c6c1fab2a75f88983a524ac783c128ea8.sol,safe\0x1495304c6c1fab2a75f88983a524ac783c128ea8.sol,61
0x15680c612fdde8546c83cf8cc834d2b21a25d20e.sol,safe\0x15680c612fdde8546c83cf8cc834d2b21a25d20e.sol,67
0x16d8f8a8a82266ed77ed000054e89737d857e69d.sol,safe\0x16d8f8a8a82266ed77ed000054e89737d857e69d.sol,370
0x18011804370989313847071bc4f960b9715e680d.sol,safe\0x18011804370989313847071bc4f960b9715e680d.sol,37
0x1aed34182d1d5c4a50f572051a0d2d8009358eb5.sol,safe\0x1aed34182d1d5c4a50f572051a0d2d8009358eb5.sol,16
0x1b47f627885231f591bff2107978fca0cc9eb5e4.sol,safe\0x1b47f627885231f591bff2107978fca0cc9eb5e4.sol,81
0x1c8569ea9543525150b7d19889b68398c1482dcd.sol,safe\0x1c8569ea9543525150b7d19889b68398c1482dcd.sol,81
0x1dae0680f6b8059c8945de6a8a93009e054417b4.sol,safe\0x1dae0680f6b8059c8945de6a8a93009e054417b4.sol,122
0x1ded5b9f9f17db54a1038093341fff821ff3810f.sol,safe\0x1ded5b9f9f17db54a1038093341fff821ff3810f.sol,113
0x1f11a2078cf99dba8ee7fa6f7c95dd63b71fe231.sol,safe\0x1f11a2078cf99dba8ee7fa6f7c95dd63b71fe231.sol,25
0x1f82a2d4672cd56811806928aef2b2fd67dd3d47.sol,safe\0x1f82a2d4672cd56811806928aef2b2fd67dd3d47.sol,223
0x1fed5bc5cb76542ecfa492c4f7abc867505be8e4.sol,safe\0x1fed5bc5cb76542ecfa492c4f7abc867505be8e4.sol,35
0x2103ca97dfc509b1912d2849110adaa788e02945.sol,safe\0x2103ca97dfc509b1912d2849110adaa788e02945.sol,133
0x220629e75e528c38d918d2e26d9997314497e1b6.sol,safe\0x220629e75e528c38d918d2e26d9997314497e1b6.sol,113
0x225b825a31e7a14a675332528c628c016ab182b4.sol,safe\0x225b825a31e7a14a675332528c628c016ab182b4.sol,19
0x22696a18b263fc5149f156c210fa3751311f5509.sol,safe\0x22696a18b263fc5149f156c210fa3751311f5509.sol,16
0x237540b04843030b3fe47e8a2602255c1e96b1e7.sol,safe\0x237540b04843030b3fe47e8a2602255c1e96b1e7.sol,113
0x23ef0ddbd2e54355d92ad64b7284f69dff525789.sol,safe\0x23ef0ddbd2e54355d92ad64b7284f69dff525789.sol,115
0x2415605762f26053b343e5d4a6e42d4418fba501.sol,safe\0x2415605762f26053b343e5d4a6e42d4418fba501.sol,61
0x254634aa44d6d7d422a829a8a2883a097be482c2.sol,safe\0x254634aa44d6d7d422a829a8a2883a097be482c2.sol,18
0x256a84c4d85d3aa80bb95f73a94b6da754e1d65c.sol,safe\0x256a84c4d85d3aa80bb95f73a94b6da754e1d65c.sol,113
0x27bda5926bf524b69668f9b6bf5542a8071751c9.sol,safe\0x27bda5926bf524b69668f9b6bf5542a8071751c9.sol,81
0x27d3596db3b8b46182ce7fffe4be0e33c843ce15.sol,safe\0x27d3596db3b8b46182ce7fffe4be0e33c843ce15.sol,113
0x2919267682e99995397ab972258c246155ac76b1.sol,safe\0x2919267682e99995397ab972258c246155ac76b1.sol,275
0x2977a7ec99dec674c17dbd94984742a7781647d8.sol,safe\0x2977a7ec99dec674c17dbd94984742a7781647d8.sol,266
0x2f83416509a680df0e8241d4a1acbbaa5decccb0.sol,safe\0x2f83416509a680df0e8241d4a1acbbaa5decccb0.sol,101
0x30dced0b6b62a8861cbd4cc891a5d328d3fa956f.sol,safe\0x30dced0b6b62a8861cbd4cc891a5d328d3fa956f.sol,81
0x31bb087f85f523384924d971f27cf57ca9375c0a.sol,safe\0x31bb087f85f523384924d971f27cf57ca9375c0a.sol,217
0x32470ba7b37e10d000662fcf23b6b35f1826e36e.sol,safe\0x32470ba7b37e10d000662fcf23b6b35f1826e36e.sol,231
0x33063a163b694719b70b0f9a65bdadca7036c7e9.sol,safe\0x33063a163b694719b70b0f9a65bdadca7036c7e9.sol,60
0x374e3aaf50b56c587f7072d4403dad5837ebb5a3.sol,safe\0x374e3aaf50b56c587f7072d4403dad5837ebb5a3.sol,94
0x3896006bd5b2bfb33c2ed3fde739a8f467864f22.sol,safe\0x3896006bd5b2bfb33c2ed3fde739a8f467864f22.sol,81
0x38d4cdc85656467e46337793a0dd53376f8b58e5.sol,safe\0x38d4cdc85656467e46337793a0dd53376f8b58e5.sol,376
0x38e0c409e857ad93f910b60a44db6770383beac6.sol,safe\0x38e0c409e857ad93f910b60a44db6770383beac6.sol,106
0x3a21d2e47310ce6e3fb47f1575793ca373509586.sol,safe\0x3a21d2e47310ce6e3fb47f1575793ca373509586.sol,81
0x3aed136c5a8f74591dde9744d2087c4cbc6e5f06.sol,safe\0x3aed136c5a8f74591dde9744d2087c4cbc6e5f06.sol,113
0x3c4c0c0f7754834dcd0e4b929a674d2e9bf84071.sol,safe\0x3c4c0c0f7754834dcd0e4b929a674d2e9bf84071.sol,35
0x3c9a90d5e1594366a7c7dd7dbd856bc26ab3a82b.sol,safe\0x3c9a90d5e1594366a7c7dd7dbd856bc26ab3a82b.sol,119
0x3cbba2672ea153b92d8233b295818a050d3566df.sol,safe\0x3cbba2672ea153b92d8233b295818a050d3566df.sol,81
0x3e35a0ffdbf05e85e5b1ac6a6efa7a916426ec1a.sol,safe\0x3e35a0ffdbf05e85e5b1ac6a6efa7a916426ec1a.sol,81
0x3e9aff15644ebfb8a890a9795da1c0e908c54fdd.sol,safe\0x3e9aff15644ebfb8a890a9795da1c0e908c54fdd.sol,81
0x4028da304fd5b141d45404836262beaf14b5d15a.sol,safe\0x4028da304fd5b141d45404836262beaf14b5d15a.sol,275
0x41f4ed17f8d724b55cf6a3b8b2c444bbea174b75.sol,safe\0x41f4ed17f8d724b55cf6a3b8b2c444bbea174b75.sol,38
0x4319a5b87b938da994d7ee5a20a64d2a0a53fa64.sol,safe\0x4319a5b87b938da994d7ee5a20a64d2a0a53fa64.sol,81
0x432a2c54de2dde941a36d2eb8c424ed666f74aef.sol,safe\0x432a2c54de2dde941a36d2eb8c424ed666f74aef.sol,94
0x436cca18113f946752b43cd9c46f4b52ce432fa2.sol,safe\0x436cca18113f946752b43cd9c46f4b52ce432fa2.sol,81
0x4401f458a66d77b00bbe3217b7503845b17a6a78.sol,safe\0x4401f458a66d77b00bbe3217b7503845b17a6a78.sol,81
0x447824a106129f57631080f668829c5deb038dd3.sol,safe\0x447824a106129f57631080f668829c5deb038dd3.sol,101
0x44e4405bb6279ed18fe03035bb73142c5ab4c303.sol,safe\0x44e4405bb6279ed18fe03035bb73142c5ab4c303.sol,71
0x458c390a29c6bed4aec37499b525b95eb0de217d.sol,safe\0x458c390a29c6bed4aec37499b525b95eb0de217d.sol,8
0x45e0c051a52720b076bf845280c50250723941ef.sol,safe\0x45e0c051a52720b076bf845280c50250723941ef.sol,113
0x46418c060e4408c42d334f302e492ca9d730f5d6.sol,safe\0x46418c060e4408c42d334f302e492ca9d730f5d6.sol,81
0x46ec272cf96ebe6512564a15645c30d328f2bdbe.sol,safe\0x46ec272cf96ebe6512564a15645c30d328f2bdbe.sol,81
0x47321aa5facc22245dc05482e74385292aee7f9d.sol,safe\0x47321aa5facc22245dc05482e74385292aee7f9d.sol,94
0x47382d68c05037f29fc523df5282791ae61a6699.sol,safe\0x47382d68c05037f29fc523df5282791ae61a6699.sol,87
0x482d7a1a0d671e357bedd6f305af2ff1c345e80f.sol,safe\0x482d7a1a0d671e357bedd6f305af2ff1c345e80f.sol,96
0x486f5f39fbc8f1b4f390e7bfd57c6990dbd59a61.sol,safe\0x486f5f39fbc8f1b4f390e7bfd57c6990dbd59a61.sol,59
0x48eff40bc3b3c35d1074e5d0488f80b6d97ba97e.sol,safe\0x48eff40bc3b3c35d1074e5d0488f80b6d97ba97e.sol,94
0x4b5093a631df9ad9853dc991ede6cc7f632a736a.sol,safe\0x4b5093a631df9ad9853dc991ede6cc7f632a736a.sol,71
0x4c39828c426ca8128ed4cbc733bf3a9934a87288.sol,safe\0x4c39828c426ca8128ed4cbc733bf3a9934a87288.sol,113
0x4c67b3db1d4474c0ebb2db8bec4e345526d9e2fd_rs.sol,safe\0x4c67b3db1d4474c0ebb2db8bec4e345526d9e2fd_rs.sol,36
0x4cef6e5243f41d9698fc8824a33e9e407987572a.sol,safe\0x4cef6e5243f41d9698fc8824a33e9e407987572a.sol,113
0x4cf56da70c06b7183cd59b7b5edea9397186fc0b.sol,safe\0x4cf56da70c06b7183cd59b7b5edea9397186fc0b.sol,81
0x4e065fbcf13688317a1d6c40b722601e732ba636.sol,safe\0x4e065fbcf13688317a1d6c40b722601e732ba636.sol,113
0x505c6d84de998401e499125e136d46d218b1f893.sol,safe\0x505c6d84de998401e499125e136d46d218b1f893.sol,144
0x5078e8f1a7e279aaa22db51158ae18d0af40bddc.sol,safe\0x5078e8f1a7e279aaa22db51158ae18d0af40bddc.sol,27
0x514142022a92be8a15f961165dd6f50640700612.sol,safe\0x514142022a92be8a15f961165dd6f50640700612.sol,122
0x517013172333e7f999730e24d47b9954352f44dc.sol,safe\0x517013172333e7f999730e24d47b9954352f44dc.sol,113
0x52436444ede8c4d18e585a6b3ab55727b5540d5e.sol,safe\0x52436444ede8c4d18e585a6b3ab55727b5540d5e.sol,18
0x536aa392555c276bd136b3eac8e0aa1b7d1e1e64.sol,safe\0x536aa392555c276bd136b3eac8e0aa1b7d1e1e64.sol,84
0x54003dbf6ae6cba6ddae571ccdc34d834b44ab1e.sol,safe\0x54003dbf6ae6cba6ddae571ccdc34d834b44ab1e.sol,229
0x547e516e8377ce678c7a6093ed48cd30d6503db2.sol,safe\0x547e516e8377ce678c7a6093ed48cd30d6503db2.sol,81
0x54a3017754bfba73f71f37d893a368814cbff457.sol,safe\0x54a3017754bfba73f71f37d893a368814cbff457.sol,48
0x5623796b934164857d8a320ead6e3b13f01c712e.sol,safe\0x5623796b934164857d8a320ead6e3b13f01c712e.sol,96
0x5aaa729c38398739659701cff5cf529a757ba31c.sol,safe\0x5aaa729c38398739659701cff5cf529a757ba31c.sol,113
0x5dd9daae761851e59812e3e023cd0d2b1ed39d64.sol,safe\0x5dd9daae761851e59812e3e023cd0d2b1ed39d64.sol,15
0x5e175c7bb537d53452a833c68c53c37a89473e17.sol,safe\0x5e175c7bb537d53452a833c68c53c37a89473e17.sol,10
0x5faeec7fc6dd8228e99d468f2fd135de53f9fb64.sol,safe\0x5faeec7fc6dd8228e99d468f2fd135de53f9fb64.sol,224
0x60030b234a94c4d06fbce6dc2a55927d619cceed.sol,safe\0x60030b234a94c4d06fbce6dc2a55927d619cceed.sol,81
0x607bad7a2969019ade64cb1b74f60fffa20cc3e5.sol,safe\0x607bad7a2969019ade64cb1b74f60fffa20cc3e5.sol,1890
0x609ee94bebb56c390aadfbcb891844eacd53461d.sol,safe\0x609ee94bebb56c390aadfbcb891844eacd53461d.sol,113
0x62ba7894e8d9900f221355b4fb7d85a9f4600d69.sol,safe\0x62ba7894e8d9900f221355b4fb7d85a9f4600d69.sol,13
0x64c47e08edbb474b4944dff50a3dd2166384225c.sol,safe\0x64c47e08edbb474b4944dff50a3dd2166384225c.sol,57
0x65063f654578f89c35908b74c107ce8d9912327e.sol,safe\0x65063f654578f89c35908b74c107ce8d9912327e.sol,81
0x656635a433818b34615a200d9e0f92e1838877c2.sol,safe\0x656635a433818b34615a200d9e0f92e1838877c2.sol,93
0x6599fc3e77cbfa6f6e9cac605a30b1e78827eba0.sol,safe\0x6599fc3e77cbfa6f6e9cac605a30b1e78827eba0.sol,62
0x66d354c790986372226740bcfb928e289313bec8.sol,safe\0x66d354c790986372226740bcfb928e289313bec8.sol,81
0x670266fdf755de3c9f2025b026c6e6da1e257be8.sol,safe\0x670266fdf755de3c9f2025b026c6e6da1e257be8.sol,11
0x687995b35aab67ae5ae5692a59654611bc31fc66.sol,safe\0x687995b35aab67ae5ae5692a59654611bc31fc66.sol,87
0x68becda0aa4beab7ff70d08b1ef8bfe6cfe17f32.sol,safe\0x68becda0aa4beab7ff70d08b1ef8bfe6cfe17f32.sol,81
0x68c3d3877d8d218df2d885e15146d062c60b715b.sol,safe\0x68c3d3877d8d218df2d885e15146d062c60b715b.sol,23
0x6a1baf42c890bb2d527c7fde935adcdc8d7974d9.sol,safe\0x6a1baf42c890bb2d527c7fde935adcdc8d7974d9.sol,113
0x6b05fb952c2c986c2e005d29e33dbc48d07b7577.sol,safe\0x6b05fb952c2c986c2e005d29e33dbc48d07b7577.sol,113
0x6c357288c5fcc2c2e100a14604f15eb6d2384ed3.sol,safe\0x6c357288c5fcc2c2e100a14604f15eb6d2384ed3.sol,113
0x6cd775540cce9adb01872db9f794142f53595c71.sol,safe\0x6cd775540cce9adb01872db9f794142f53595c71.sol,52
0x6ce799a215faaae80cccad589945d79c32e8917a.sol,safe\0x6ce799a215faaae80cccad589945d79c32e8917a.sol,101
0x6d8fc2f5849085519816ff790d022ea1a29f474c.sol,safe\0x6d8fc2f5849085519816ff790d022ea1a29f474c.sol,32
0x708ba31efde01cc53901248e7c174e0a74a822a0.sol,safe\0x708ba31efde01cc53901248e7c174e0a74a822a0.sol,113
0x734492f8d0087c7c17b54962d2fb113104534e8d.sol,safe\0x734492f8d0087c7c17b54962d2fb113104534e8d.sol,145
0x7483aabcaa16619d0d85cf2debc892050c268805.sol,safe\0x7483aabcaa16619d0d85cf2debc892050c268805.sol,81
0x75d0c361e8cc326d8a7fc54120eaf3dfdd69f12e.sol,safe\0x75d0c361e8cc326d8a7fc54120eaf3dfdd69f12e.sol,81
0x7682ad272853d9b693a641b059f519cf5955e7bd.sol,safe\0x7682ad272853d9b693a641b059f519cf5955e7bd.sol,81
0x76f893ca33ff0ecc22ff9aa557fd567591dd4e57.sol,safe\0x76f893ca33ff0ecc22ff9aa557fd567591dd4e57.sol,113
0x7878c0c431356984b43bf7a46d1ad333306d4a5f.sol,safe\0x7878c0c431356984b43bf7a46d1ad333306d4a5f.sol,81
0x7886e35f726c1c1631b12ee0eda2be11a25d4c70.sol,safe\0x7886e35f726c1c1631b12ee0eda2be11a25d4c70.sol,156
0x7bd4191c02041ecf11a9428aa25034fbcf9c3e09.sol,safe\0x7bd4191c02041ecf11a9428aa25034fbcf9c3e09.sol,81
0x7c0ab1556e1024da8c0b18d93d8375bc27a3b96a.sol,safe\0x7c0ab1556e1024da8c0b18d93d8375bc27a3b96a.sol,113
0x7c6727eef033f76327c2ede39c852febf86f5795.sol,safe\0x7c6727eef033f76327c2ede39c852febf86f5795.sol,113
0x7cc3bfce25b865676210b33436cd7726b855b4c4.sol,safe\0x7cc3bfce25b865676210b33436cd7726b855b4c4.sol,140
0x7d5e2f539f3eabbe57d058d7675d991993dfe206.sol,safe\0x7d5e2f539f3eabbe57d058d7675d991993dfe206.sol,28
0x7d9281e2b1c5d68355d463061fce704e460b585b.sol,safe\0x7d9281e2b1c5d68355d463061fce704e460b585b.sol,81
0x7e0b908220f49882b97d97bcaf197a4b2ea8c95e.sol,safe\0x7e0b908220f49882b97d97bcaf197a4b2ea8c95e.sol,113
0x7e5a7ebd4f95ba9cf7076b966a855753212678b8.sol,safe\0x7e5a7ebd4f95ba9cf7076b966a855753212678b8.sol,140
0x7eb790c9fc772aadeb965404941b08fc68b8613f.sol,safe\0x7eb790c9fc772aadeb965404941b08fc68b8613f.sol,161
0x7fa398c57a2f25addbcfef3cdbd6f529549bc421.sol,safe\0x7fa398c57a2f25addbcfef3cdbd6f529549bc421.sol,217
0x80022cc467c92f7d128efc26c23b9572c988382f.sol,safe\0x80022cc467c92f7d128efc26c23b9572c988382f.sol,94
0x804db3748bf3cbdaeab6de95025a38b91763879e.sol,safe\0x804db3748bf3cbdaeab6de95025a38b91763879e.sol,16
0x80929586a41c9abd7733eab00198d4dd14c6b61d.sol,safe\0x80929586a41c9abd7733eab00198d4dd14c6b61d.sol,158
0x80bf1e3e00741ae15419472fd46e81a4e86d17b1.sol,safe\0x80bf1e3e00741ae15419472fd46e81a4e86d17b1.sol,94
0x81804630c335dce07106c29d4e7db7e4a01f29f9.sol,safe\0x81804630c335dce07106c29d4e7db7e4a01f29f9.sol,15
0x872293462770b20895d868baba493dd18b3ceb05.sol,safe\0x872293462770b20895d868baba493dd18b3ceb05.sol,81
0x889e06ff74e15a446275511ea3b6635bb5a608e2.sol,safe\0x889e06ff74e15a446275511ea3b6635bb5a608e2.sol,219
0x89cbc5162ebe455eee4cc566dbb9a51b36784763.sol,safe\0x89cbc5162ebe455eee4cc566dbb9a51b36784763.sol,113
0x8a94ee8d0a83c25fee9051ad95f0f14155afde0f.sol,safe\0x8a94ee8d0a83c25fee9051ad95f0f14155afde0f.sol,94
0x8ab728c61ded8cfe8de70e9b8388cacae621c1e1.sol,safe\0x8ab728c61ded8cfe8de70e9b8388cacae621c1e1.sol,113
0x8afd1ce1fb02f3587003fc8ab4d55aac7f755fff.sol,safe\0x8afd1ce1fb02f3587003fc8ab4d55aac7f755fff.sol,63
0x8b016a22ce24dc415af2327b6dd2ad5473951334.sol,safe\0x8b016a22ce24dc415af2327b6dd2ad5473951334.sol,94
0x8b0e42f366ba502d787bb134478adfae966c8798.sol,safe\0x8b0e42f366ba502d787bb134478adfae966c8798.sol,134
0x8c710a5cce3bdbf82f69ab04acdb4f925f0ed988.sol,safe\0x8c710a5cce3bdbf82f69ab04acdb4f925f0ed988.sol,81
0x8d9d07f0ed2915c7b306937bec99792d65cfe6c7.sol,safe\0x8d9d07f0ed2915c7b306937bec99792d65cfe6c7.sol,81
0x8e41104d9d38f2dfae2e67882c18279ee00a3fe0.sol,safe\0x8e41104d9d38f2dfae2e67882c18279ee00a3fe0.sol,113
0x8ef1782b4afadd6e518eb08f65809ab25aedaa5f.sol,safe\0x8ef1782b4afadd6e518eb08f65809ab25aedaa5f.sol,113
0x900ea0ba0a7cc1c8bec7792a881fbc5499c563fa.sol,safe\0x900ea0ba0a7cc1c8bec7792a881fbc5499c563fa.sol,81
0x9091397ebc19163202daa16814f4f8fbb81a705b.sol,safe\0x9091397ebc19163202daa16814f4f8fbb81a705b.sol,81
0x9156f41565baef75fd183d56b0f1d8f48efe5b21.sol,safe\0x9156f41565baef75fd183d56b0f1d8f48efe5b21.sol,81
0x91a09e43eeedbceefbd5928361d1f917818e3a3b.sol,safe\0x91a09e43eeedbceefbd5928361d1f917818e3a3b.sol,113
0x920a3ecd027901af47dbb00037a152ff0201a862.sol,safe\0x920a3ecd027901af47dbb00037a152ff0201a862.sol,121
0x9212d24bcfb04ea8d416010f2c91d7c0f1f9eb77.sol,safe\0x9212d24bcfb04ea8d416010f2c91d7c0f1f9eb77.sol,113
0x936d7aac1ca7424f1559ef06edf818a3fed57376.sol,safe\0x936d7aac1ca7424f1559ef06edf818a3fed57376.sol,18
0x95990bc424c1adf7d10488f2af59b7f42f464d9c.sol,safe\0x95990bc424c1adf7d10488f2af59b7f42f464d9c.sol,555
0x95ba8a11b3c6f0f326dd410b043c16e183cbdb81.sol,safe\0x95ba8a11b3c6f0f326dd410b043c16e183cbdb81.sol,147
0x9899e81c517c0e45aac801baaf208382125babbd.sol,safe\0x9899e81c517c0e45aac801baaf208382125babbd.sol,43
0x991364f4d10c202cdddd3a3987ff5a89d2d4b4e4.sol,safe\0x991364f4d10c202cdddd3a3987ff5a89d2d4b4e4.sol,113
0x993bb6e2f537f8252b93d4a176d3c9e657a683b1.sol,safe\0x993bb6e2f537f8252b93d4a176d3c9e657a683b1.sol,16
0x9d9539992c1a132cb5623325a64ddd1343c5b076.sol,safe\0x9d9539992c1a132cb5623325a64ddd1343c5b076.sol,60
0x9dcda1fb6732eadeb2f221ac9033d575d70b6716.sol,safe\0x9dcda1fb6732eadeb2f221ac9033d575d70b6716.sol,113
0x9e2ffaeffdd6e372ac0acc966670762ad5f1666a.sol,safe\0x9e2ffaeffdd6e372ac0acc966670762ad5f1666a.sol,113
0x9e86da479dfdbc618d0a46759555154bdb06d06d.sol,safe\0x9e86da479dfdbc618d0a46759555154bdb06d06d.sol,113
0x9f4560eecec8fceb8e572618c3ccc329f9264091.sol,safe\0x9f4560eecec8fceb8e572618c3ccc329f9264091.sol,113
0x9f7dc40d42cfbd2092b06bb9cee07a33dc6dbe5f.sol,safe\0x9f7dc40d42cfbd2092b06bb9cee07a33dc6dbe5f.sol,131
0x9fccb72ed3372caa0a68aa99df8798c05412d6be.sol,safe\0x9fccb72ed3372caa0a68aa99df8798c05412d6be.sol,44
0x9ff7ca4cf52d0e559451679678e29a57361899b0.sol,safe\0x9ff7ca4cf52d0e559451679678e29a57361899b0.sol,15
0xa0b469450e78b3a85d828d454696f8e4bd420038.sol,safe\0xa0b469450e78b3a85d828d454696f8e4bd420038.sol,81
0xa52e014b3f5cc48287c2d483a3e026c32cc76e6d.sol,safe\0xa52e014b3f5cc48287c2d483a3e026c32cc76e6d.sol,1986
0xa87a216f503977835b83fa7c77a7acacd2f83280.sol,safe\0xa87a216f503977835b83fa7c77a7acacd2f83280.sol,144
0xa8d306e4df78bdcc97591ebb3cb486e9e0f497d0.sol,safe\0xa8d306e4df78bdcc97591ebb3cb486e9e0f497d0.sol,71
0xa9f5ccdd11178ac90746ad76153bb9d0915edd9f.sol,safe\0xa9f5ccdd11178ac90746ad76153bb9d0915edd9f.sol,113
0xaa4371051384cbff66b7e1c8cd304c1b6a7ae20b.sol,safe\0xaa4371051384cbff66b7e1c8cd304c1b6a7ae20b.sol,76
0xab30ef9680babbd2516a6c7f4aa9b953a47f166d.sol,safe\0xab30ef9680babbd2516a6c7f4aa9b953a47f166d.sol,113
0xab37aa061d166e253083720fe9c2055f7f4f9952.sol,safe\0xab37aa061d166e253083720fe9c2055f7f4f9952.sol,22
0xab5597d28b474f862f7b562c54ad13e0a620e61f.sol,safe\0xab5597d28b474f862f7b562c54ad13e0a620e61f.sol,178
0xacac2019b9c3b100ed78a61208dcb64db4a60e44.sol,safe\0xacac2019b9c3b100ed78a61208dcb64db4a60e44.sol,113
0xad4e6095fa1f9bfd05bbed96329f258f20840b40.sol,safe\0xad4e6095fa1f9bfd05bbed96329f258f20840b40.sol,18
0xadb21f47b979824a6e5df4e24053b15661b52d4e.sol,safe\0xadb21f47b979824a6e5df4e24053b15661b52d4e.sol,97
0xae353daeed8dcc7a9a12027f7e070c0a50b7b6a4.sol,safe\0xae353daeed8dcc7a9a12027f7e070c0a50b7b6a4.sol,237
0xb02bc6401abf94d899efcc7c0733b6eedeaf657a.sol,safe\0xb02bc6401abf94d899efcc7c0733b6eedeaf657a.sol,151
0xb09317b6184e649a56ff12a9dc3703bc57d7a3b0.sol,safe\0xb09317b6184e649a56ff12a9dc3703bc57d7a3b0.sol,81
0xb1bf7bb9ace76ed954a28bc2011f875bf3ae42e8.sol,safe\0xb1bf7bb9ace76ed954a28bc2011f875bf3ae42e8.sol,61
0xb2d30dcfcc9737b9cded4dcbfb1fb4287e679bc2.sol,safe\0xb2d30dcfcc9737b9cded4dcbfb1fb4287e679bc2.sol,101
0xb4610639e76c7a1ece45c99df592c677c60a3a84.sol,safe\0xb4610639e76c7a1ece45c99df592c677c60a3a84.sol,72
0xb4cb77714c236b73f63684863554e0323fe00345.sol,safe\0xb4cb77714c236b73f63684863554e0323fe00345.sol,198
0xb50f4bdf7c650356d11f36d34990aff535a8b1a9.sol,safe\0xb50f4bdf7c650356d11f36d34990aff535a8b1a9.sol,113
0xb614d1e45fd0ced2575b8fe94338a75c69b7f123.sol,safe\0xb614d1e45fd0ced2575b8fe94338a75c69b7f123.sol,223
0xb628919a5456fd746a6b7a9f1003040ca63e6d45.sol,safe\0xb628919a5456fd746a6b7a9f1003040ca63e6d45.sol,81
0xb716f26be355e29befe754e86143dbeade1acf93.sol,safe\0xb716f26be355e29befe754e86143dbeade1acf93.sol,113
0xb7a263d56605648ad054d4dc1aea24f244d7ba96.sol,safe\0xb7a263d56605648ad054d4dc1aea24f244d7ba96.sol,113
0xb81cba3914ce2c99460b7db97cf1ef4c57d10a31.sol,safe\0xb81cba3914ce2c99460b7db97cf1ef4c57d10a31.sol,113
0xb88cdf98a37aa408f4a6e4c7db1330db6ea4ac35.sol,safe\0xb88cdf98a37aa408f4a6e4c7db1330db6ea4ac35.sol,81
0xb9bf344f1c97609d64974c6bb2b1ff6ad714c4fb.sol,safe\0xb9bf344f1c97609d64974c6bb2b1ff6ad714c4fb.sol,17
0xbb0eed554080e05e1f14796f94ffbf95f081544d.sol,safe\0xbb0eed554080e05e1f14796f94ffbf95f081544d.sol,168
0xbbc12e86f904c8da80b33964156e1a2ad0461c17.sol,safe\0xbbc12e86f904c8da80b33964156e1a2ad0461c17.sol,57
0xbcb2d850e8ef8ab16e6066b60c9962009bdaa4eb.sol,safe\0xbcb2d850e8ef8ab16e6066b60c9962009bdaa4eb.sol,81
0xbd4d261a647624cf1f1bad00ef94b305c00b5d48.sol,safe\0xbd4d261a647624cf1f1bad00ef94b305c00b5d48.sol,24
0xbecb106c3c26bb2a7b38eba7916e080a9011e570.sol,safe\0xbecb106c3c26bb2a7b38eba7916e080a9011e570.sol,113
0xc14db8e15690c28752dbda133f51821402d29f29.sol,safe\0xc14db8e15690c28752dbda133f51821402d29f29.sol,81
0xc170db1795adf8115b75ac98e872195847b0d0d1.sol,safe\0xc170db1795adf8115b75ac98e872195847b0d0d1.sol,62
0xc376d91465494975963676a22ad892720bab7f44.sol,safe\0xc376d91465494975963676a22ad892720bab7f44.sol,231
0xc731b2f0179be1fd8f30409348f2cbd0dc5545e4.sol,safe\0xc731b2f0179be1fd8f30409348f2cbd0dc5545e4.sol,59
0xc793582523653146c437c08b7fea3dc5d238723f.sol,safe\0xc793582523653146c437c08b7fea3dc5d238723f.sol,148
0xc860975ce853aa1eb4dea902839827a17ce8ac71.sol,safe\0xc860975ce853aa1eb4dea902839827a17ce8ac71.sol,25
0xc8c6bfb3ecf7060ba3d3d2d447781b8ce298a59a.sol,safe\0xc8c6bfb3ecf7060ba3d3d2d447781b8ce298a59a.sol,113
0xc9109587a84522508e432daf4e1c5d64893dc182_hg.sol,safe\0xc9109587a84522508e432daf4e1c5d64893dc182_hg.sol,419
0xca930b0d85b0fc0526e0ee047403b2748507bb1a.sol,safe\0xca930b0d85b0fc0526e0ee047403b2748507bb1a.sol,94
0xcafe27178308351a12fffffdeb161d9d730da082.sol,safe\0xcafe27178308351a12fffffdeb161d9d730da082.sol,93
0xcb2236744d93065ec41e2d747eac56da3c231a9b.sol,safe\0xcb2236744d93065ec41e2d747eac56da3c231a9b.sol,69
0xcc70f827427eb1eff9cb5351c7fd6cff7c0fc156.sol,safe\0xcc70f827427eb1eff9cb5351c7fd6cff7c0fc156.sol,81
0xcca751c20e683c662486c0b79a354e45ea119fa2.sol,safe\0xcca751c20e683c662486c0b79a354e45ea119fa2.sol,101
0xcce695ec0e874dee88a0a92f0a2dc430abe3c19a.sol,safe\0xcce695ec0e874dee88a0a92f0a2dc430abe3c19a.sol,56
0xceb01b73bdaa3b55cbcb46291c679e67e3c4f06f.sol,safe\0xceb01b73bdaa3b55cbcb46291c679e67e3c4f06f.sol,135
0xced47ac8d2396e00416132db1fea4efab91ee583.sol,safe\0xced47ac8d2396e00416132db1fea4efab91ee583.sol,57
0xd01fffeb66575a9bc1efcfb494855bbe1f414ae4.sol,safe\0xd01fffeb66575a9bc1efcfb494855bbe1f414ae4.sol,83
0xd069c0fbbccf352fd3e10a571f3eb4717f4efa9e.sol,safe\0xd069c0fbbccf352fd3e10a571f3eb4717f4efa9e.sol,101
0xd0d5dab67e8470b785b9c19b11d831a3b07d3709.sol,safe\0xd0d5dab67e8470b785b9c19b11d831a3b07d3709.sol,113
0xd26520d752f9766d3531589c08a0131cda6d0135.sol,safe\0xd26520d752f9766d3531589c08a0131cda6d0135.sol,132
0xd46bb6f9c7baebe8c0dad1ed7200ab951d519a44.sol,safe\0xd46bb6f9c7baebe8c0dad1ed7200ab951d519a44.sol,144
0xd69a8b80df32f90c50da0d93c817d417b64be5a2.sol,safe\0xd69a8b80df32f90c50da0d93c817d417b64be5a2.sol,70
0xd84246471fdf41e9cb832ea36e33eb51eba56457.sol,safe\0xd84246471fdf41e9cb832ea36e33eb51eba56457.sol,113
0xd8cd3272d823136ae6874686bc92a51813367d7a.sol,safe\0xd8cd3272d823136ae6874686bc92a51813367d7a.sol,25
0xda4ec0ce4f26f8db05f644c65f5b65e8e9590a39.sol,safe\0xda4ec0ce4f26f8db05f644c65f5b65e8e9590a39.sol,81
0xdc0168718b22395bcf6bb8888867f3ff03ff5b98.sol,safe\0xdc0168718b22395bcf6bb8888867f3ff03ff5b98.sol,143
0xdd4d4ba0d626ba02a3a66eb227f97e4271efb4ee.sol,safe\0xdd4d4ba0d626ba02a3a66eb227f97e4271efb4ee.sol,10
0xdd91958a21524a3586253b01629e9bbd99fb10cc.sol,safe\0xdd91958a21524a3586253b01629e9bbd99fb10cc.sol,93
0xdda928b631cda3535dec1f80c9e92bb74eab5f03.sol,safe\0xdda928b631cda3535dec1f80c9e92bb74eab5f03.sol,113
0xddd28766f71cc6d18fc4783ff48a88f1f46ea4d8.sol,safe\0xddd28766f71cc6d18fc4783ff48a88f1f46ea4d8.sol,81
0xde1586fb826fbd11bedb1b59e76d9e1b9e69e3ca.sol,safe\0xde1586fb826fbd11bedb1b59e76d9e1b9e69e3ca.sol,95
0xdf9646d3d3114af04df6073026ee0350cd6b57a1.sol,safe\0xdf9646d3d3114af04df6073026ee0350cd6b57a1.sol,42
0xdfb4b433fe884f4ae1f89cdce496b93a38c8ed66.sol,safe\0xdfb4b433fe884f4ae1f89cdce496b93a38c8ed66.sol,81
0xe306ec4e455cde6d89acccc01d209435beb10af3.sol,safe\0xe306ec4e455cde6d89acccc01d209435beb10af3.sol,60
0xe43bcd26e2aa205deb2570287b6605b7b8ea4b30.sol,safe\0xe43bcd26e2aa205deb2570287b6605b7b8ea4b30.sol,113
0xe4d5aeaac8f1d03a6b2f01346829b6b5ceda1f3c.sol,safe\0xe4d5aeaac8f1d03a6b2f01346829b6b5ceda1f3c.sol,115
0xe5a336e762045f81e7f3edbc40eb13989330f84a.sol,safe\0xe5a336e762045f81e7f3edbc40eb13989330f84a.sol,144
0xe5acfe17fb233eee84e055c0a313a2ebf300834a.sol,safe\0xe5acfe17fb233eee84e055c0a313a2ebf300834a.sol,71
0xe898f5d7d9e71c92ff011b9ba6ccb1f2fd870faf.sol,safe\0xe898f5d7d9e71c92ff011b9ba6ccb1f2fd870faf.sol,16
0xe9ca58e51513b924af54ca078563095027577d38.sol,safe\0xe9ca58e51513b924af54ca078563095027577d38.sol,135
0xea6ef4ebe83441421939820fffecf7fbe81dc5a1.sol,safe\0xea6ef4ebe83441421939820fffecf7fbe81dc5a1.sol,101
0xeaeb6135884806d93900ed8ded3237182a932e39.sol,safe\0xeaeb6135884806d93900ed8ded3237182a932e39.sol,65
0xeb12a835c2fd57a912a76590c527fbb8e5e28f91.sol,safe\0xeb12a835c2fd57a912a76590c527fbb8e5e28f91.sol,112
0xeb456b3cf7dbf5bbd871bf653f68af1bebaf246e.sol,safe\0xeb456b3cf7dbf5bbd871bf653f68af1bebaf246e.sol,81
0xec427520576a649139a6fa37763d2f607c91c70d.sol,safe\0xec427520576a649139a6fa37763d2f607c91c70d.sol,113
0xed64869d44d89270b3719bddb025b68653ba2af7.sol,safe\0xed64869d44d89270b3719bddb025b68653ba2af7.sol,109
0xeff2bada23ba5cf3cd5bd5c28863b640739c288d.sol,safe\0xeff2bada23ba5cf3cd5bd5c28863b640739c288d.sol,113
0xf076416472b60af56cda736e14efc4f344b220d2.sol,safe\0xf076416472b60af56cda736e14efc4f344b220d2.sol,35
0xf122b5793980d865bcbfd59c641ff60a460523d3.sol,safe\0xf122b5793980d865bcbfd59c641ff60a460523d3.sol,1840
0xf13e9402fb894ebcf5b8249c211f6f09e95d9a73.sol,safe\0xf13e9402fb894ebcf5b8249c211f6f09e95d9a73.sol,67
0xf3ba64eb1f96e8a3ea1e85e92f7932d1d575b762.sol,safe\0xf3ba64eb1f96e8a3ea1e85e92f7932d1d575b762.sol,67
0xf401177470144489006f233bd18e3deb5ee7c126.sol,safe\0xf401177470144489006f233bd18e3deb5ee7c126.sol,97
0xf45ae69cca1b9b043dae2c83a5b65bc605bec5f5.sol,safe\0xf45ae69cca1b9b043dae2c83a5b65bc605bec5f5.sol,229
0xf45ebf13ef373c971c2182b01976c1a47161c8c6.sol,safe\0xf45ebf13ef373c971c2182b01976c1a47161c8c6.sol,61
0xf5ae40418a5d1ddcf5f8d667343b61b9020c2c1f.sol,safe\0xf5ae40418a5d1ddcf5f8d667343b61b9020c2c1f.sol,8
0xf5b451ef093cd8addb4c5673972d82b48e60a391.sol,safe\0xf5b451ef093cd8addb4c5673972d82b48e60a391.sol,81
0xf68992ec02885f74c24e0337ef76d0d991c60519.sol,safe\0xf68992ec02885f74c24e0337ef76d0d991c60519.sol,15
0xf6a1fa796cfbdcc4adb08dbf634438fb35561d8d_rs.sol,safe\0xf6a1fa796cfbdcc4adb08dbf634438fb35561d8d_rs.sol,16
0xfa63eb1dc0652e7d74e6658a13a306f03f356173.sol,safe\0xfa63eb1dc0652e7d74e6658a13a306f03f356173.sol,81
0xfaed077b92cecf624f134ed8d03652c9a9608a58.sol,safe\0xfaed077b92cecf624f134ed8d03652c9a9608a58.sol,113
0xfb77e15ec5abbeae742b0aa91946a065982f6042.sol,safe\0xfb77e15ec5abbeae742b0aa91946a065982f6042.sol,116
0xfbe58f5eadcd370c59d1f5234a4a21d09969c5cb.sol,safe\0xfbe58f5eadcd370c59d1f5234a4a21d09969c5cb.sol,162
0xfd62247943f94c3910a4922af2c62c2d3fac2a8f.sol,safe\0xfd62247943f94c3910a4922af2c62c2d3fac2a8f.sol,113
0xfecc464f0fa41f10f3a6a051b599db0426cb2460.sol,safe\0xfecc464f0fa41f10f3a6a051b599db0426cb2460.sol,45
0xff065e6262a66fc80b8861ba108fc8f0aacc9d50.sol,safe\0xff065e6262a66fc80b8861ba108fc8f0aacc9d50.sol,90
0xff989cf18ecfbc904bb104b5738b3ff05f10de55.sol,safe\0xff989cf18ecfbc904bb104b5738b3ff05f10de55.sol,113
0xffee4db0f30a43955398776a9524fdff0680dd7f.sol,safe\0xffee4db0f30a43955398776a9524fdff0680dd7f.sol,435
15c7b09fde87ff4c25709229e8d86e9f_cgt.sol,safe\15c7b09fde87ff4c25709229e8d86e9f_cgt.sol,150
1b1f54b3f4cefadf796b2e17b05cc2e7_cgt.sol,safe\1b1f54b3f4cefadf796b2e17b05cc2e7_cgt.sol,114
368844558533f8b0100596001b71879e_cgt.sol,safe\368844558533f8b0100596001b71879e_cgt.sol,112
36ee840ee2c730b0dd466462fb94221d_cgt.sol,safe\36ee840ee2c730b0dd466462fb94221d_cgt.sol,318
39afddc46dfaa99f28c85e727921bdae_cgt.sol,safe\39afddc46dfaa99f28c85e727921bdae_cgt.sol,120
496449e6d6f96097c95308c7551aa418_cgt.sol,safe\496449e6d6f96097c95308c7551aa418_cgt.sol,557
8a051fd9de90b410e009445a486e1d10_cgt.sol,safe\8a051fd9de90b410e009445a486e1d10_cgt.sol,30
8b415ed140d67f607dabe900553d80cc_cgt.sol,safe\8b415ed140d67f607dabe900553d80cc_cgt.sol,112
b19fffc40442b87ff4d36bffff75780f_cgt.sol,safe\b19fffc40442b87ff4d36bffff75780f_cgt.sol,439
bf67c31c3dc1e827ccf49d883ce3bbc0_cgt.sol,safe\bf67c31c3dc1e827ccf49d883ce3bbc0_cgt.sol,84
ccaaeeb118de7427945743ed5e655e8d_cgt.sol,safe\ccaaeeb118de7427945743ed5e655e8d_cgt.sol,141
cf0aad78f48c8a3a67e1e476e6ab8df7_cgt.sol,safe\cf0aad78f48c8a3a67e1e476e6ab8df7_cgt.sol,173
dd443a9352d9e4ef8e8e81310f45f607_cgt.sol,safe\dd443a9352d9e4ef8e8e81310f45f607_cgt.sol,393
ec7ad4af1fc95654260069e7932dbf3d_cgt.sol,safe\ec7ad4af1fc95654260069e7932dbf3d_cgt.sol,365
eebbd1de0bd005402b5dde75513c45f6_cgt.sol,safe\eebbd1de0bd005402b5dde75513c45f6_cgt.sol,70
eeec1e8a9be3b58748c8e9f28342e429_cgt.sol,safe\eeec1e8a9be3b58748c8e9f28342e429_cgt.sol,758
f21a824407dfb37c81f7fbbd8d8e0e58_cgt.sol,safe\f21a824407dfb37c81f7fbbd8d8e0e58_cgt.sol,364
f40afd3fefac7bcb1b05c424d48579a7_cgt.sol,safe\f40afd3fefac7bcb1b05c424d48579a7_cgt.sol,98
00_BasicCall_ree1.sol,00_BasicCall_ree1.sol,14
00_BasicCall_safe1.sol,00_BasicCall_safe1.sol,14
00_BasicConst_ree1.sol,00_BasicConst_ree1.sol,15
00_BasicConst_safe1.sol,00_BasicConst_safe1.sol,15
00_BasicCross_ree1.sol,00_BasicCross_ree1.sol,19
00_BasicEmit_ree1.sol,00_BasicEmit_ree1.sol,16
00_BasicEmit_safe1.sol,00_BasicEmit_safe1.sol,16
00_BasicError_ree1.sol,00_BasicError_ree1.sol,16
00_BasicError_safe1.sol,00_BasicError_safe1.sol,16
00_BasicFold_ree1.sol,00_BasicFold_ree1.sol,17
00_BasicFold_ree2.sol,00_BasicFold_ree2.sol,20
00_BasicFold_safe1.sol,00_BasicFold_safe1.sol,17
00_BasicFold_safe2.sol,00_BasicFold_safe2.sol,20
00_BasicInline_ree1.sol,00_BasicInline_ree1.sol,12
00_BasicInline_safe1.sol,00_BasicInline_safe1.sol,19
00_BasicNoCall_safe1.sol,00_BasicNoCall_safe1.sol,12
00_BasicNoChecks_ree1.sol,00_BasicNoChecks_ree1.sol,13
00_BasicNoChecks_safe1.sol,00_BasicNoChecks_safe1.sol,14
00_BasicStaticcall_safe1.sol,00_BasicStaticcall_safe1.sol,14
00_BasicUnchecked_ree1.sol,00_BasicUnchecked_ree1.sol,16
00_BasicUnchecked_safe1.sol,00_BasicUnchecked_safe1.sol,16
01_SingleMutexFoldUnderflow_ree1.sol,01_SingleMutexFoldUnderflow_ree1.sol,21
01_SingleMutexFoldUnderflow_safe1.sol,01_SingleMutexFoldUnderflow_safe1.sol,22
01_SingleMutexFold_ree1.sol,01_SingleMutexFold_ree1.sol,22
01_SingleMutexFold_ree2.sol,01_SingleMutexFold_ree2.sol,23
01_SingleMutexFold_ree3.sol,01_SingleMutexFold_ree3.sol,22
01_SingleMutexFold_safe1.sol,01_SingleMutexFold_safe1.sol,22
01_SingleMutex_ree1.sol,01_SingleMutex_ree1.sol,19
01_SingleMutex_ree2.sol,01_SingleMutex_ree2.sol,19
01_SingleMutex_safe1.sol,01_SingleMutex_safe1.sol,19
01_SingleMutex_safe2.sol,01_SingleMutex_safe2.sol,19
02_CrossMutexUnchecked_ree1.sol,02_CrossMutexUnchecked_ree1.sol,26
02_CrossMutexUnchecked_safe1.sol,02_CrossMutexUnchecked_safe1.sol,27
02_CrossMutexUnderflow_ree1.sol,02_CrossMutexUnderflow_ree1.sol,23
02_CrossMutexUnderflow_safe1.sol,02_CrossMutexUnderflow_safe1.sol,24
02_CrossMutex_ree1.sol,02_CrossMutex_ree1.sol,24
02_CrossMutex_ree2.sol,02_CrossMutex_ree2.sol,25
02_CrossMutex_safe1.sol,02_CrossMutex_safe1.sol,25
02_CrossMutex_safe2.sol,02_CrossMutex_safe2.sol,25
03_SingleModFoldUnderflow_ree1.sol,03_SingleModFoldUnderflow_ree1.sol,23
03_SingleModFoldUnderflow_safe1.sol,03_SingleModFoldUnderflow_safe1.sol,24
03_SingleModFold_ree1.sol,03_SingleModFold_ree1.sol,23
03_SingleModFold_ree2.sol,03_SingleModFold_ree2.sol,24
03_SingleModFold_ree3.sol,03_SingleModFold_ree3.sol,23
03_SingleModFold_safe1.sol,03_SingleModFold_safe1.sol,24
03_SingleModUnderflow_ree1.sol,03_SingleModUnderflow_ree1.sol,20
03_SingleModUnderflow_safe1.sol,03_SingleModUnderflow_safe1.sol,21
03_SingleMod_ree1.sol,03_SingleMod_ree1.sol,21
03_SingleMod_ree2.sol,03_SingleMod_ree2.sol,21
03_SingleMod_ree3.sol,03_SingleMod_ree3.sol,21
03_SingleMod_safe1.sol,03_SingleMod_safe1.sol,21
03_SingleMod_safe2.sol,03_SingleMod_safe2.sol,21
04_CrossModFoldUnderflow_safe1.sol,04_CrossModFoldUnderflow_safe1.sol,32
04_CrossModFold_ree1.sol,04_CrossModFold_ree1.sol,32
04_CrossModFold_ree2.sol,04_CrossModFold_ree2.sol,32
04_CrossModFold_ree3.sol,04_CrossModFold_ree3.sol,32
04_CrossModFold_safe1.sol,04_CrossModFold_safe1.sol,32
04_CrossMod_ree1.sol,04_CrossMod_ree1.sol,26
04_CrossMod_ree2.sol,04_CrossMod_ree2.sol,26
04_CrossMod_ree3.sol,04_CrossMod_ree3.sol,26
04_CrossMod_ree4.sol,04_CrossMod_ree4.sol,26
04_CrossMod_ree5.sol,04_CrossMod_ree5.sol,26
04_CrossMod_safe1.sol,04_CrossMod_safe1.sol,26
04_CrossMod_safe2.sol,04_CrossMod_safe2.sol,26
04_CrossMod_safe3.sol,04_CrossMod_safe3.sol,32
05_SendEmitUnchecked_safe1.sol,05_SendEmitUnchecked_safe1.sol,18
05_SendEmit_safe1.sol,05_SendEmit_safe1.sol,16
05_SendUnchecked_safe1.sol,05_SendUnchecked_safe1.sol,16
05_Send_safe1.sol,05_Send_safe1.sol,14
05_Send_safe2.sol,05_Send_safe2.sol,14
05_Send_safe3.sol,05_Send_safe3.sol,14
06_TransferUnchecked_safe1.sol,06_TransferUnchecked_safe1.sol,15
06_TransferUnchecked_safe2.sol,06_TransferUnchecked_safe2.sol,15
06_Transfer_safe1.sol,06_Transfer_safe1.sol,13
06_Transfer_safe2.sol,06_Transfer_safe2.sol,13
07_MixedSendFoldEmit_ree1.sol,07_MixedSendFoldEmit_ree1.sol,23
07_MixedSendFoldEmit_safe1.sol,07_MixedSendFoldEmit_safe1.sol,23
07_MixedSendFold_ree1.sol,07_MixedSendFold_ree1.sol,19
07_MixedSendFold_safe1.sol,07_MixedSendFold_safe1.sol,19
07_MixedSend_ree1.sol,07_MixedSend_ree1.sol,16
07_MixedSend_safe1.sol,07_MixedSend_safe1.sol,16
08_MixedTransferEmit_ree1.sol,08_MixedTransferEmit_ree1.sol,17
08_MixedTransferEmit_safe1.sol,08_MixedTransferEmit_safe1.sol,17
08_MixedTransfer_ree1.sol,08_MixedTransfer_ree1.sol,15
08_MixedTransfer_safe1.sol,08_MixedTransfer_safe1.sol,15
09_ERC20InheritMod_ree1.sol,09_ERC20InheritMod_ree1.sol,81
09_ERC20InheritMod_ree2.sol,09_ERC20InheritMod_ree2.sol,81
09_ERC20InheritMod_ree3.sol,09_ERC20InheritMod_ree3.sol,81
09_ERC20InheritMod_safe1.sol,09_ERC20InheritMod_safe1.sol,81
09_ERC20Inherit_ree1.sol,09_ERC20Inherit_ree1.sol,74
09_ERC20Inherit_safe1.sol,09_ERC20Inherit_safe1.sol,74
09_ERC20Mod_ree1.sol,09_ERC20Mod_ree1.sol,29
09_ERC20Mod_ree2.sol,09_ERC20Mod_ree2.sol,29
09_ERC20Mod_ree3.sol,09_ERC20Mod_ree3.sol,29
09_ERC20Mod_safe1.sol,09_ERC20Mod_safe1.sol,29
09_ERC20OnlyOnce_ree1.sol,09_ERC20OnlyOnce_ree1.sol,22
09_ERC20OnlyOnce_safe1.sol,09_ERC20OnlyOnce_safe1.sol,23
09_ERC20OnlyOnce_safe2.sol,09_ERC20OnlyOnce_safe2.sol,22
09_ERC20StakingPullMod_ree1.sol,09_ERC20StakingPullMod_ree1.sol,54
09_ERC20StakingPullMod_ree2.sol,09_ERC20StakingPullMod_ree2.sol,54
09_ERC20StakingPullMod_safe1.sol,09_ERC20StakingPullMod_safe1.sol,54
09_ERC20StakingPull_ree1.sol,09_ERC20StakingPull_ree1.sol,47
09_ERC20StakingPull_safe1.sol,09_ERC20StakingPull_safe1.sol,47
09_ERC20StakingPull_safe2.sol,09_ERC20StakingPull_safe2.sol,47
09_ERC20Staking_ree1.sol,09_ERC20Staking_ree1.sol,35
09_ERC20Staking_ree2.sol,09_ERC20Staking_ree2.sol,35
09_ERC20Staking_ree3.sol,09_ERC20Staking_ree3.sol,39
09_ERC20Staking_safe1.sol,09_ERC20Staking_safe1.sol,62
09_ERC20Staking_safe2.sol,09_ERC20Staking_safe2.sol,62
09_ERC20Staking_safe3.sol,09_ERC20Staking_safe3.sol,39
09_ERC20Staticcall_ree1.sol,09_ERC20Staticcall_ree1.sol,25
09_ERC20_ree1.sol,09_ERC20_ree1.sol,22
09_ERC20_ree2.sol,09_ERC20_ree2.sol,22
09_ERC20_safe1.sol,09_ERC20_safe1.sol,67
09_ERC20_safe2.sol,09_ERC20_safe2.sol,67
09_ERC20_safe3.sol,09_ERC20_safe3.sol,38
09_ERC20_safe4.sol,09_ERC20_safe4.sol,22
10_OnlyOnce_safe1.sol,10_OnlyOnce_safe1.sol,18
10_OnlyOnce_safe2.sol,10_OnlyOnce_safe2.sol,18
11_ProxyStaticcall_safe1.sol,11_ProxyStaticcall_safe1.sol,18
11_Proxy_safe1.sol,11_Proxy_safe1.sol,25
11_Proxy_safe2.sol,11_Proxy_safe2.sol,12
12_OnlyOwner_ree1.sol,12_OnlyOwner_ree1.sol,33
12_OnlyOwner_safe1.sol,12_OnlyOwner_safe1.sol,40
13_LoopCrossMod_ree1.sol,13_LoopCrossMod_ree1.sol,28
13_LoopCrossMod_ree2.sol,13_LoopCrossMod_ree2.sol,29
13_LoopCrossMod_ree3.sol,13_LoopCrossMod_ree3.sol,29
13_LoopCrossMod_safe1.sol,13_LoopCrossMod_safe1.sol,29
13_LoopCrossMutex_ree1.sol,13_LoopCrossMutex_ree1.sol,26
13_LoopCrossMutex_safe1.sol,13_LoopCrossMutex_safe1.sol,28
13_LoopCrossMutex_safe2.sol,13_LoopCrossMutex_safe2.sol,28
13_Loop_ree1.sol,13_Loop_ree1.sol,17
13_Loop_safe1.sol,13_Loop_safe1.sol,17
14_DelegateCall_ree1.sol,14_DelegateCall_ree1.sol,16
14_DelegateCall_ree2.sol,14_DelegateCall_ree2.sol,22
14_DelegateCall_ree3.sol,14_DelegateCall_ree3.sol,22
14_DelegateCall_ree4.sol,14_DelegateCall_ree4.sol,23
14_ReadOnly_safe1.sol,14_ReadOnly_safe1.sol,60
15_ReadOnlyStaticcall_ree1.sol,15_ReadOnlyStaticcall_ree1.sol,72
15_ReadOnlyStaticcall_safe1.sol,15_ReadOnlyStaticcall_safe1.sol,65
15_ReadOnly_ree1.sol,15_ReadOnly_ree1.sol,60
15_ReadOnly_ree2.sol,15_ReadOnly_ree2.sol,67
15_ReadOnly_safe2.sol,15_ReadOnly_safe2.sol,67
16_HumanFold_ree1.sol,16_HumanFold_ree1.sol,24
16_HumanFold_ree2.sol,16_HumanFold_ree2.sol,24
16_HumanFold_ree3.sol,16_HumanFold_ree3.sol,22
16_HumanFold_safe1.sol,16_HumanFold_safe1.sol,21
16_HumanMod_ree1.sol,16_HumanMod_ree1.sol,28
16_HumanMod_ree2.sol,16_HumanMod_ree2.sol,29
16_Human_ree1.sol,16_Human_ree1.sol,23
16_Human_ree2.sol,16_Human_ree2.sol,21
16_Human_safe1.sol,16_Human_safe1.sol,18
16_Human_safe2.sol,16_Human_safe2.sol,18
16_Human_safe3.sol,16_Human_safe3.sol,23
